x,y,radius_px,clear_px,clear_mm
853,868,141,141,3.0
135,137,114,114,3.0
164,398,136,144,3.176470588235294
865,597,146,146,3.0
223,405,147,147,3.0
143,189,127,127,3.0
860,653,129,141,3.2790697674418605
633,885,133,133,3.0
899,873,143,143,3.0
431,154,146,146,3.0
185,357,113,113,3.0
895,166,148,148,3.0
899,628,116,125,3.2327586206896552
164,439,132,132,3.0
172,607,149,173,3.4832214765100673
152,658,145,145,3.0
